Producto,Precio
Eucerin Antipigment Crema Ojeras 15Ml,49.86
Protector Solar Fotoultra 100 Isdin Active Unify C...,40.61
Gel Micelar Limpiador Sensibio Gel Moussant 100 Ml...,7.64
Crema Facial Anti-pigment Día Fps30 50 Ml Unidad,51.95
Gel Hidratante Hyaluron Filler Ultra Light 30 Ml Unidad,28.96
Jabón Facial Aclarante Despigmentante 90 G Unidad,7.29
Sérum Hidratante Hydrabio 40 Ml Unidad,23.94
Atoderm Intensive Gel Cream 500 Ml,27.85
Gel Moussant Sebium 200 Ml Spray,16.44
Bálsamo Corporal Atoderm Intensive Baume 500 Ml Unidad,28.76
Gel Micelar Limpiador Sensibio Gel Moussant 500 Ml...,30.58
Serum Hyaluron Filler Eucerin Pore Minimizer 30 Ml...,31.37
Crema Bioderma Sensibio Ar 40 Ml Frasco,25.68
Crema Facial Anti-pigment Noche 50 Ml Unidad,51.95
Jabón Bioderma Atoderm Pain 150 G Unidad,6.25
Atoderm Gel Douche Bioderma 1000 Ml Unidad,26.15
Protector Solar Pediatrics Gel Cream Spf 50+ Todo ...,36.17
Barra Limpiadora Sébium Pain 100 G Unidad,7.64
Aceite De Ducha Autoderm 1 L Unidad,25.65
Crema Facial Pigmentbio Áreas Delicadas 75 Ml Unidad,22.92
Agua Micelar Sensibio H2o 500 Ml Unidad,26.13
Gel Limpiador Sensibio Ds+ Gel Nettoyant 200 Ml Unidad,23.62
Sérum Facial Hyaluron Filler Vitamin C Booster 8 M...,29.21
Protector Solar Heliocare 360° Gel Oil-Free,34.77
Iraltone Shampoo Sd,24.59
Sébium Pore Refiner 30 Ml Tubo,24.77
Iraltone Shampoo Sebo Regulador,24.59
Sebium H2O 100 Ml Frasco,10.51
Crema Bioderma Sensibio Ds 40 Ml Tubo,25.65
Sensibio Gel Bioderma 200 Ml Frasco,16.44
Sensy Derm Bassa Serum 30 Gr,19.19
Crema Rejuvenecedora K-Ox Eyes Isdin,46.19
Crema Antiacné Sébium Sensitive 30 Ml Unidad,19.13
Solución Micelar Sensibio H2O Bioderma 500 Ml Frasco,27.57
Limpiador Facial Oil Control 200 Ml Unidad,14.62
Acniben Body Spray Para Reducciã“N De Granos Corpo...,21.12
Protector Solar Heliocare 360 Pigment Solution Flu...,34.95
Agua Micelar Pigmentbio H2o 250 Ml Unidad,16.34
Shampoo Anticaída Isdin Lambdapil 200 Ml Unidad,26.89
Spray Hidratante Hyaluron Mist Spray 150 Ml Unidad,20.08
Crema Hidratante Sensibio Defensive 40 Ml Unidad,23.76
Gel Limpiador Sébium Moussant 500 Ml Unidad,30.58
Gel De Ducha Atoderm 500 Ml Botella Unidad,16.25
Iraltone Shampoo Fortificante,24.59
Tónico Antiedad Bassa Hydrin Hyaluronic 200 Ml Frasco,16.91
Protector Solar Labial Hidratación Profunda,5.91
Crema Contorno De Ojos Hyaluron-filler + Elasticit...,45.84
Gel Bioderma Contorno Ojos Sensibio 15 Ml Unidad,22.05
Sebium Gel Moussant Actif Bioderma 200 Ml Unidad,20.64
Protector Solar 360° Mineral Fluid Spf 50+ 50 Ml 1...,34.77
Crema De Manos Anti-Pigment Eucerin 75 Ml Unidad,25.92
Crema Facial Pigmentbio Daily Care Spf50 40 Ml Unidad,34.4
Protector Solar Foto Ultra 100 Active Unify Fusion...,40.2
Agua Micelar Hydrabio H2O 100 Ml Unidad,10.51
Tratamiento Sebium Hydra 40 Ml Frasco,28.15
Crema Queratol Crema 120 G Tubo,13.92
Protector Solar Photoderm Max Spray SPF 50,32.2
Jabón En Barra Hydrin Hyaluronic 90 G Caja,5.39
Agua Micelar Endocare Hydractive 400 Ml Unidad,0.0
Protector Solar Bioderma Photoderm Nude Touch Spf5...,29.93
Sebium H2O Limpiador 250 Ml Frasco,21.79
Protector Solar 360° Age Active Fluid Fps50 50 Ml ...,24.71
Loción Corporal Cicabio 40 Ml Unidad,19.68
Sérum Antiedad Hydrin Hyaluronic 30 Ml Unidad,31.97
Crema Endocare 30 Ml,50.57
Sensibio Forte Bioderma Piel Sensible 40 Ml Frasco,25.86
Crema Antiarrugas Hyaluron-filler + Elasticity Noc...,51.82
Cicabio Bioderma Crema 40 Ml Tubo,21.83
Crema Bioderma Photoderm Ar 30 Ml Tubo,25.38
Photoderm Fluide Max Spf 100 Claro 40Ml,21.76
Loción Ureadin Ultra 10 Isdin 400 Ml Unidad,38.63
Gel Oil Hidratante Para Pies,22.04
Protector Solar Photoderm Max Aquafliuid 40 Ml 1 Unidad,28.92
Gel Limpiador Intensive Gel Moussant 200 Ml Unidad,16.93
Protector Solar Photoderm Bioderma SPF 50,30.52
Endocare Radiance C Ferulic Edafence Contorno De Ojos,49.99
Crema Hydrin Hyaluronic Eye Serum Dark Circles 15 ...,25.29
Protector Solar Heliocare 360 200 Ml Unidad,19.8
Acniben Repair Gel Cream Hidratante,29.08
Crema Eucerin Hyaluron Filler Contorno de Ojos,42.01
Endocare Renewal Confort Cream,51.58
Protector Solar Photoderm Cover Touch Bioderma Spf...,30.52
Hidratante Facial Hydrin Hyaluronic Crema Día 50 G...,28.96
Crema Facial Hydrabio Perfecteur 40 Ml Unidad,23.94
Crema Facial Neotone Radiance 50+ 30 Ml Unidad,37.23
Protector Solar Advanced Gel Spf 50 50 Ml 1 Unidad,21.27
Spray Calmante Atoderm 200 Ml Unidad,20.47
Sérum Facial Pigmentbio C-Concentrate 15 Ml Unidad,31.5
Ureadin Rx 30 Crema Emoliente 50Ml,19.22
Limpiador Micelar Sensibio H2O Bioderma 100 Ml Frasco,10.51
Sérum Hydric Hyaluronic Intensive Reafirmante Rell...,34.49
Gel Limpiador Urelia 200 Ml Tubo,29.85
Endocare Radiance C Ferulic Edafence Serum,37.59
Crema Eucerin Antiedad Hyaluron Filler Noche,50.12
Hidratante Facial Hydrin Hyaluronic Crema Noche 50...,28.96
Exfoliante Bioderma Sebium 100 Ml Tubo,22.05
Protector Solar Uveblock Spf50 40 Ml Caja,26.45
Protector Solar Photoderm Lait Ultra Fps50,24.71
Eucerin Hyaluron_Filler_Ultra Light Gel 50Ml,49.34
Acniben Gel Cream Para El Control De Brillos Y Gra...,24.14
Heliocare 360 Pediatrics Transparente Spray,28.01
Protector Solar Uveblock Spf80 40 Ml Caja,26.45
Loción Reparadora Ureadin Hydration Ultra 10 200 M...,28.83
Protector Solar Isdin Corporal Hydro Lotion Spf 50...,38.32
Eucerin Hyalluron Filler Dia Spf15 50Ml Refill,41.94
Protector Solar Photoderm Nude Touch Teinte Claire...,29.93
Gel Moussant Sebium 100 Ml Frasco,7.64
Bálsamo Labial Atoderm Reparador 15 Ml 1 Unidad,7.73
Contorno De Ojos Hydrin Hyaluronic & Pycnogenol 15...,27.12
Acniben Repair Limpiador Facial Suave Para Pieles ...,25.06
Bálsamo Corporal Atoderm Intensive Baume 200 Ml Unidad,23.15
Crema Prevent Neotone Spf 50+ 30 Ml Tubo,35.76
Protector Solar Heliocare Spf90 50 Ml Tubo,34.27
Crema Pure Vitamin C Spf 25 Piel Sensible 40 Ml Unidad,63.39
Protector Solar 360° Water Gel Spf 50+ 50 Ml 1 Unidad,34.95
Base compacta Heliocare Color Light SPF50 10 g,50.71
Peeling + Sérum Hyaluron-filler Noche 15 Ml Unidad,49.93
Protector Solar Uveblock Fluido Tinte Spf50+ 40 Ml Tubo,26.45
Serum Endocare Tensage Serum Cantabria Labs 30 Ml ...,54.61
Crema De Manos Y Uñas Atoderm Mains & Ongles 50 Ml...,7.87
Crema Isispharma Geneskin C Premium 10 Ml Unidad,62.65
Espuma Limpiadora Aquaform 125 Ml Unidad,18.98
Crema Para La Piel Sensy Derm 30 G Unidad,17.1
Queratol Ceramidas Crema Hidratante 200Ml,20.92
Photoderm Aquafluido Bioderma  Max Fps 50+ Claro 4...,28.92
Crema Bioderma Photoderm Akn Mat 40 Ml Tubo,26.56
Protector Solar Bioderma Max Aquafluid Neutro,28.92
Sérum Endocare Expert Drops Depigmenting Protocol ...,39.63
Sérum Despigmentante Anti Manchas Hydrin Hyaluroni...,34.49
Crema Facial Sensibio Ar Bb 40 Ml Unidad,28.34
Sebium Global 30 Ml Tubo,25.91
Crema Facial Endocare Essential Gelcream 30 Ml Unidad,39.62
Endocare  Renewal Retinol Intensive Serum 30Ml,55.9
Sérum Reductor De Poros Hydrin Hyaluronic 30 Ml Unidad,34.49
Serum Bassa Hydrin Hyaluronic 30 Ml Spray,45.29
Crema Facial Hyaluron Filler Elasticity,51.82
Crema Hidratante Urea 10% 90 G Unidad,13.77
Crema Facial Aclarante Despigmentante 30 G Unidad,23.79
Crema Corporal Ureadin Ultra 20 100 Ml Unidad,25.06
Agua Micelar Hydrabio H2o 250 Ml Unidad,21.78
Protector Solar Infantil Uveblock Kids 200 Ml 1 Unidad,39.2
Crema Pure Vitamin C Ojos Piel Sensible 15 Ml Unidad,59.01
Limpiador La Roche Posay Toleriane 200 Ml Frasco,33.16
Gel De Ducha Isdin Hidratante Ureadin 400 Ml Frasco,0.0
Agua Micelar Ultra 200 Ml Unidad,28.04
Protector Solar Nude Touch Tono Dorado Spf 50+ 40 ...,29.93
Endocare Ampollas,41.35
Sérum Corrector Despigmentante Isdin Pigment Exper...,38.14
Ampollas Hidratantes C Pure Concentrate 1 Ml Unidad,55.15
Crema De Noche Endocare Tensage Piel Normal / Seca...,47.89
Loción Rejuvenecedora Hydrin Hyaluronic 200 Ml Unidad,22.08
Desmaquillante Bioderma Sensibio H2O 250 Ml Frasco,21.79
Sérum Clarial 30 Ml Unidad,25.99
Peeling Exfoliante De Noche Isdin Night Peel Caja,35.11
Protector Solar Photoderm Spot- Age 40 Ml 1 Unidad,27.19
Crema Atoderm 200 Ml Tubo,21.06
Protector Solar Uveblock Spf 50 Isis 40 Ml Frasco,19.8
Urelia 50 Tubo 40 Ml,33.63
Protector Solar Bioderma Photoderm Max SPF 50 - Fybeca,36.31
Ureadin Rx 40 Gel Exfoliante 30Ml,13.78
Crema Isispharma Geneskin Gel Balm 50 Ml Unidad,53.35
Aceite De Ducha Ultra Nourishing 100 Ml Tubo Unidad,7.4
Endocare Expert Drops Hydrating Protocol en Paquete,39.63
Crema Isispharma Geneskin White 28 Ml Unidad,65.31
